date,sha,version,build_size,build_time,platform,mode,is_cache_using,commits_count
2022-02-28T19:06:43Z,3b329f9c25c9672e4030edb039b0225fa46f7ce1,0.8.521,4356,68,armv7-android,debug,true,521
2022-02-28T19:14:56Z,3b329f9c25c9672e4030edb039b0225fa46f7ce1,0.8.521,4356,51,armv7-android,debug,true,521
2022-02-28T19:16:23Z,3b329f9c25c9672e4030edb039b0225fa46f7ce1,0.8.521,4356,11,armv7-android,debug,true,521
2022-02-28T19:19:46Z,3b329f9c25c9672e4030edb039b0225fa46f7ce1,0.8.521,4356,11,armv7-android,debug,true,521
2022-02-28T19:22:51Z,3b329f9c25c9672e4030edb039b0225fa46f7ce1,0.8.521,4356,11,armv7-android,debug,true,521
2022-03-12T10:01:30Z,d0f3d6641a08b0d6b719b13017aa85907d1667e5,0.8.564,2200,44,js-web,release,true,564
2022-08-29T18:27:58Z,b2643ebd268b15884363efd17724e689279946f1,0.9.589,2316,45,js-web,release,true,589
2022-08-29T18:46:47Z,13003e472169cbd261e703eca7b133adf64a24f7,0.9.592,2316,40,js-web,release,true,592
2022-09-09T17:55:42Z,072507cc9e715541bdee7636d2e5eeeb3c22a57d,0.10.603,2340,43,js-web,release,true,603
2022-09-09T18:00:07Z,072507cc9e715541bdee7636d2e5eeeb3c22a57d,0.10.603,2340,5,js-web,release,true,603
2023-07-05T20:19:22Z,d0062c2a78e618871ebb4c8ee66b1509b763f069,0.10.671,3292,12,x86_64-linux,headless,true,671
2023-07-13T18:37:07Z,1cbe57376397a8352bbafcc67de0b6f95ae37b35,0.10.682,2496,53,js-web,release,true,682
2023-07-13T19:31:47Z,ea185622702e6691275187741b1e2ee0c7f079ec,0.11.686,2452,51,js-web,release,true,686
2023-07-15T12:56:18Z,556e1a9bae620e2df290b10287fa8d0f64d47293,0.11.690,2468,51,js-web,release,true,690
2023-08-05T16:02:55Z,628723386eb3875f7190d079a2e7c510d044a311,0.11.692,2456,40,js-web,release,true,692
2023-08-05T16:31:19Z,37fff52aa59feb20f761ef4d340d9f677743d54b,0.11.693,2456,43,js-web,release,true,693
2023-08-05T16:41:25Z,d7dd4a86b81d73d345ad7e136de9c2c488bc4d8b,0.11.694,2452,43,js-web,release,true,694
